Abbott, J.
Abramidze, T.
Acreman, M.
Adams-Groom, Beverley
Aksoyoglu, S.
Albertini, R.
Ali, G.S.
Allen, K.
Alm Kübler, K.
Andersen, H.V.
Andersson, C.
Andrews, Abbye
Andrews, Maggie
Ashbrook, Kate
Atkinson, P.M.
Atkinson, Teresa
Baird, K.
Baker, Peter
Baldock, K.C.R.
Bannock, L.
Barlow, J.
Barmpadimos, I.
Bash, J.O.
Baude, M.
Baysal, Ö.
Beggs, P.J.
Bell, Robin
Belmonte, J.
Bennett, Clare
Berger, U.
Berger, U.E.
Bergmann, C.
Bergmann, K‐C.
Bick, D.
Bickerton, M.A.
Bigger, Stephen
Biggs, J.
Birch, P.R.J.
Biro, K.
Blackall, T.D.
Blacker, S.D.
Blank, Alison
Blannin, A.
Bleeker, A.
Blissett, J.
Boegh, E.
Bogawski, P.
Boldarine, V.T.
Bonini, M.
Bossi, R.
Bowen, Erica
Bozward, David
Braban, C.F.
Bradley, R.
Brady, A.
Branch, N.
Brand, Z.
Brandes, D.
Brandt, J.
Brandt, O.
Bray, Jennifer
Briers, R.A.
Briley, A.
Brock, B.W.
Brocklehurst, P.
Broennimann, O.
Brooker, Dawn
Brown, Chris
Brown, L.E.
Browning, Paul
Bruce, Mary
Bueno, Allain
Buis, K.
Bullock, J.M.
Burgin, Alice
Buters, J.T.M.
Caeiro, E.
Cahill, D.
Calvo-Bado, L.A.
Camacho, I.C.
Camacho, R.
Cameron, A.
Carbonneau, P.
Carr, S.
Carrie, Rachael
Carter, Christine
Casey, D.
Caulfield, L.S.
Caulton, E.
Celenk, S.
Cellier, P.
Chadd, R.P.
Chang, A.
Chao, A.
Chapman, D.S.
Charalampopoulos, A.
Chauvel, B.
Chen, D.
Chen, X.R.
Christensen, J.H.
Christian, Polly
Christian, W.
Cinpoes, Nicoleta
Clarisse, L.
Clark, G.
Clarke, P.
Clemson, P.
Clerbaux, C.
Cloete, S.W.P.
Clot, B.
Cohour, P.F.
Cook, Deborah
Cook, Matthew
Cordier, R.
Craddock, N.
Craig, T.
Creedy, D.
Creëlle, S.
Croad, A.
Crompton, L.A.
Crookes, R.
Crutchley, Jody
Câmara, R.
Daayf, F.
Dacko, S.
Dahl, Å.
Dalio, R.J.D.
Damialis, A.
Dann, S.
Darby, Helena
Darton, R.
Dash, J.
Daunt, F.
Davies, B.
Daykin, N.
De Mulder, T.
Deave, T.
Dentener, F.
Dhillon, Jaswinder
Di Florio, A.
Diotri, F.
Divall, B.
Dixon, Alan
Dobson, M.
Dore, A.J.
Dore, C.J.
Dornellas, A.P.S.
Downes, Janine
Dragosits, U.
Duggal, S
Dullinger, S.
Dutton, Gina
Edwards, Christian
Efthymiou, E.
Egginton, R.
Ellermann, T.
Elliot, S.
Elliott, Geoffrey
Ellis, S.
Emsens, W.
Enders, E.C.
Erol, Rosie
Essl, F.
Evans, C.
Evans, Carl
Evans, Nick
Evans, Simon
Falkmer, T.
Farrelly, Daniel
Faull, Andrea
Fell, A.
Fellows, Lindsey
Fenton, S.
Fernandez, E.V.
Fernández-Rodríguez, S.
Ferro, R.
Figueiredo, A.
Fitzgerald, L.
Fitzpatrick, B.L.
Flechard, C.R.
Fleming, Neil
Folkard, A.
Follak, S.
Forster, Peter
Forty, L.
Fowler, D.
Francis-Smythe, Jan
Frohn, L.M.
Fry, W.E.
Fryer, S.
Fumanal, B.
Furzer, O.
Fyffe, Catriona L.
Gad Mohsen, Marwa
Gale, N
Gale, N.K.
Galán, C.
Garfield, Joy
Gaskin, Kerry
Gbadamosi, G.
Gbadamosi, Gbolahan
Geels, C.
Gehrig, R.
Gerard, J.
Gerrett, Nicola
Ghebremeskel, K.
Gijzen, M.
Gilbert, Beverley
Gillibrand, G.
Gledhill, D.G.
Gledhill, D.H.
Goddard, A.
Goddard, M.A.
Gomez, M.
Gonzalo-Garijo, Á.
Gooch, S.
Gordon-Smith, Katherine
Govers, F.
Gray, Karen
Green, C.
Grewling, Ł.
Griffiths, Rebecca
Grinn-Gofroń, A.
Grundström, Maria
Grünwald, N.J.
Guisan, A.
Gulliford, L.
Guthrie, M.
Haggett, M.
Hallsworth, S.
Hammond, K.J.
Hansen, K.
Hardy, P.
Harries, P.
Hartnett, J.
Hassall, C.
Havenith, G.
Head, K.
Hein, T.
Hellenbach, M.
Hemming, K.
Hendrickx, M.
Henson, Richard
Heron, J.
Hertel, O.
Hewston, Ruth
Hicks, D.M.
Hill, D.M.
Hill, Matthew
Hoebeke, L.
Hogan, A.
Holliday, A.
Holliday, Adrian
Hope, Lucy
Hopkinson, Y.
Horva´th, L.
Houghton, C.
Hulvey, J.
Humphries, D.J.
Hunter, P.J.
Huntjens, R.J.
Hutchinson, S.
Hänninen, O.
Ianovici, N.
Ibrom, A.
Jackowiak, B.
Jackson, Sarah
Jaeger, S.
James, D.
Jarrett, Haydn
Jenkinson, D.
Jensen, B.
Jensen, R.
Johns, N
Jolly, K.
Jones Nielsen, J.D.
Jones, Gareth
Jones, I.
Jones, J.D.G.
Jones, Laura
Jones, Lisa
Jones, M.
Jones, Vanessa
Judelson, H.S.
Juszczak, E.
Kaminsky, L.A.
Kamoun, S.
Kanemasu, Y.
Kappus, M.
Karatzas, K.
Karrer, G.
Kasem, Laila
Kasprzyk, I.
Kazinczi, G.
Keller, J.
Kennedy, Roy
Kenttä, G.
Kenyon, S
Kenyon, S.
Kha, V.
Khwarahm, N.
Kimberlee, R.
King, Elspeth
Kington, Alison
Kirton, P.
Klaar, Megan
Kofol Seliger, A.
Kohe, Geoff
Kristjansson, K.
Kryza, M.
Kueffer, C.
Kunin, W.E.
Laitung, B.
Lambeth-Mansell, Annie
Lambeth‑Mansell, Annie
Lamour, K.
Lansø, A.S.
Lavoie, C.
Leck, Christopher
Ledger, M.
Leitner, M.
Lewis, Jodie
Lewis, K.J.S.
Lewis, Mary
Lilford, R.
Lillyman, Sue
Lindqvist-Kreuze, H.
Loon, Mark
Loubet, B.
Loughran, S.
Lumsden, E.
Lynch, L.
Löndahl, J.
Løfstrøm, P.
MacArthur, C.
Maddock, Ian
Magyar, D.
Mair, J.L.
Malcolm, H.
Malecki, I.A.
Mang, T.
Marciniak, R.
Mark, J.
Marland, Pippa
Martin, Toni
Massad, R.
Maxfield, Tim
Maya-Manzano, J.M.
Mazzocco, P.
McAuliffe, T.
McCree, M.
McDermott, M.J.
McDonald, A.G.
McDowall Clark, Rory
McDowall Clarke, Rory
McDowell, J.
McManus, F.
Medici, V.
Meijer, H.J.G.
Meire, P.
Mellalieu, S.D.
Memmott, J.
Menzel, A.
Metcalfe, R.S.
Meyrick, J.
Milford, C.
Milkovska, S.
Miller, Rosemarie
Milner, A.M.
Milosevic, Sarah
Misselbrook, T.H.
Mitchell, R.F.
Mitchell, Theresa
Mitra, Barbara
Mitschunas, N.
Mleczko, A.
Molnar, Gyozo
Moore, P.
Morais-Almeida, M.
Morgan, Blaire
Morgan, J.A.W.
Morgan, Jessica
Morris, N.
Morse, H.
Moser, D.
Moss, T.
Mukhtar, M.S.
Mullin, David
Murphy, K.
Muse, Kate
Myszkowska, D.
Mányoki, G.
Müller-Schärer, H.
Nascimento, C.M.O.
Nemitz, E.
Newnham, R.M.
Ngadi, Y.
Nicholas, Helen
Nikolitsi, M.
Noakes, L.
Nolan, Mary
Nowak, M.
Nunes, C.
Nyatanga, Brian
Oderbolz, D.C.
Ogston-Tuck, Sherri
Okruszko, T.
Oliver, G.
Ortega, E.
Osgathorpe, L.M.
Oteros, J.
Ou, T.
Ouvrard, P.
Oyama, L.M.
Ozemek, C.
Padley, S.
Pallin, Nickola
Panabières, F.
Panzavecchia, Lisa
Parham, John
Parsons, N.R.
Pashley, C.H.
Pasquarella, C.
Pearce, Ruth
Peel, Elizabeth
Peel, Robert
Pellicciotti, F.
Penn, Felicity
Perry, Amy
Personne, E.
Petch, Geoffrey
Peters, D.M.
Petitpierre, B.
Petre, B.
Pettitt, Timothy
Pimentel, G.D.
Pinder, R.W.
Pittaway, Sarah
Plass-Dülmer, C.
Pleijel, H.
Poole, H.
Porteus, J.
Potts, S.G.
Preiner, S.
Preston, F.
Prevot, A.S.H.
Price, Colin
Price-Mohr, R.
Prowle, Alison
Purvis, J.
Páldy, A.
Rasmussen, K.
Redortier, B.
Reed, Michael
Reis, S.
Renfree, Andrew
Reynolds, C.K.
Reynolds, F.
Ribeiro, E.B.
Richardson, Jane
Richardson, Mark
Richter, R.
Riddick, S.N.
Rinaldi, M.
Ristaino, J.
Ritenberga, O.
Rivero-Arias, O.
Roberts, Claire-Marie
Robertson, A.L.
Robertson, K.M.
Robertson-Blackmore, E.
Robinson, Laurence
Robinson, S.L.
Rodinkova, V.
Rogers-Draycott, Matthew Charles
Roldan Gonzalez, R.
Ross, Catharine
Rowell, T.
Roy, S.G.
Ruffino, J.
Ruocco, M.
Rutter, N.
Rybníček, O.
Ryves, D.B
Sadyś, Magdalena
Sanders, J.
Schaffner, U.
Schena, L.
Schmidt-Weber, C.
Schoelynck, J.
Schwarze, P.E.
Scott, A.V.
Sealey, Clive
Shafran, R.
Shalaboda, V.
Shaw, E.
Shaw, T.E.
Shennan, A.
Shennan, G.
Shepherd, G
Silinski, A.
Silva, A.T.
Silva, J.D.
Silva-Palacios, I.
Simpson, D.
Sinclair, F.
Sinnott, Anne
Skjøth, C.
Skov, H.
Slade, P.
Smith, Jo
Smith, Matt
Smith, R.
Smith-Ryan, A.
Snelling, Paul
Snow, Sarah
Sofiev, M.
Sokolova, B.
Solowiej, Kazia
Sommer, J.
Songsorn, P.
Sonmezer, Ellie
Sorensen, L.L.
Sparks, T.H.
Spiby, H.
St Clair Gibson, Alan
Stam, R.
Stamos, T.
Starfinger, U.
Steinbrecher, R.
Stephens-Lewis, Danielle
Stepney, Melissa
Stjepanović, B.
Stobbs, Nicola
Stone, G.N.
Strzelczak, A.
Sutton, M.A.
Swaine, J.D.
Swaran, S.
Székely, T.
Sørensen, L.L.
Tang, Y.S.
Taylor, A.
Taylor, Charlotte
Temmerman, S.
Tesson, S.
Testoni, C.
Theobald, M.R.
Thibaudon, M.
Thielecke, F.
Thomas, Gavin
Thomas, Yvonne
Thompson, A.
Thompson, R.
Thornhill, I.
Tod, D.
Tomé, D.F.A.
Tormo-Molina, R.
Traidl-Hoffmann, C.
Trenchard, H.
Troch, P.
Tsvetanova, A.
Tyler, B.M.
Tör, M.
Ugolotti, M.
Unwin, Peter
Upton, D.
Upton, Dominic
Upton, Penney
Van Damme, M.
Van Oven, T.
Van den Ackerveken, G.
Vautard, R.
Vaz, S.
Verschoren, V.
Verstraeten, C.
Vieno, M.
Vinson, Don
Visser, Fleur
Vitali, P.
Voelcker, T.
Vogl, G.
Vokou, D.
Vollaard, N.B.J.
Voukantsis, D.
Wachter, R.
Waitzberg, D.
Wakeham, Alison
Walker, J.T.
Walker, Rosie
Walklet, Elaine
Wallis, Caroline
Walton, Nigel
Wang, C.
Wang, Y.
Wanless, S.
Warren, Vessela
Watanabe, R.L.H.
Webb, Michael
Werner, Malgorzata
West, J.S.
Westbury, Duncan
Whipps, J.M.
White, J.C.
Wichink Kruit, R.J.
Wilkes, M.A.
Wilkinson, Dean
Willems, M.E.
Williams, Craig
Willis, J.
Wilson, M.
Winterbottom, C.
Wolfe, Claire
Wolters, J.
Woo, K.Y.
Wood, P.J.
Woodget, Amy
Yankova, R.
Yates, James
Yoshida, K.
Zambounis, A.
Zuberbier, T.
de Jesus, R.
de Jongh, Ad
de Vries, W.
de Weger, L.A.
van Dijk, M.K.
van Vliet, N.I.
von der Lippe, M.
Šantl-Temkiv, T.
Šaulienė, I.
Šikoparija, B.
Ščevková, J.